combined_id,slab_number,batch_number,material_name,colour_family,size_mm,thickness_mm,finish,location,received_date,notes
06835/6403,06835,6403,Apollo Jumbo,,3200x1600,20,,Bellagio Yard,,
04180/9082,04180,9082,Apollo Jumbo,,3200x1600,20,,Bellagio Yard,,
04191/6326,04191,6326,Apollo Jumbo,,3200x1600,20,,Bellagio Yard,,
04204/9082,04204,9082,Apollo Jumbo,,3200x1600,20,,Bellagio Yard,,
053229/6358,053229,6358,Apollo Jumbo,,3200x1600,20,,Bellagio Yard,,
05328/6358,05328,6358,Apollo Jumbo,,3200x1600,20,,Bellagio Yard,,
06838/6403,06838,6403,Apollo Jumbo,,3200x1600,20,,Bellagio Yard,,
06840/6403,06840,6403,Apollo Jumbo,,3200x1600,20,,Bellagio Yard,,
06841/6403,06841,6403,Apollo Jumbo,,3200x1600,20,,Bellagio Yard,,
06842/6403,06842,6403,Apollo Jumbo,,3200x1600,20,,Bellagio Yard,,
06889/6403,06889,6403,Apollo Jumbo,,3200x1600,20,,Bellagio Yard,,
06891/6403,06891,6403,Apollo Jumbo,,3200x1600,20,,Bellagio Yard,,
06902/6403,06902,6403,Apollo Jumbo,,3200x1600,20,,Bellagio Yard,,
06906/6403,06906,6403,Apollo Jumbo,,3200x1600,20,,Bellagio Yard,,
6874/6403,6874,6403,Apollo Jumbo,,3200x1600,20,,Bellagio Yard,,
6893/6403,6893,6403,Apollo Jumbo,,3200x1570,20,,Bellagio Yard,,
6894/6403,6894,6403,Apollo Jumbo,,3200x1600,20,,Bellagio Yard,,
06755/6400,06755,6400,Apollo Super Jumbo,,3450x1940,20,,Bellagio Yard,,
06761/6400,06761,6400,Apollo Super Jumbo,,3450x1940,20,,Bellagio Yard,,
06783/6400,06783,6400,Apollo Super Jumbo,,3450x1940,20,,Bellagio Yard,,
02321/6264,02321,6264,Apollo Super Jumbo,,3450x1940,30,,Bellagio Yard,,
02337/6264,02337,6264,Apollo Super Jumbo,,3450x1940,30,,Bellagio Yard,,
02318/6264,02318,6264,Apollo Super Jumbo,,3450x1940,30,,Bellagio Yard,,
02325/6264,02325,6264,Apollo Super Jumbo,,3450x1940,30,,Bellagio Yard,,
02328/6264,02328,6264,Apollo Super Jumbo,,3450x1940,30,,Bellagio Yard,,
03509/6308,03509,6308,Apollo Super Jumbo,,3450x1940,30,,Bellagio Yard,,
16275/6077,16275,6077,Apollo Super Jumbo,,3450x1940,30,,Bellagio Yard,,
16561/6099,16561,6099,Apollo Super Jumbo,,3450x1940,30,,Bellagio Yard,,
16562/6099,16562,6099,Apollo Super Jumbo,,3450x1940,30,,Bellagio Yard,,
01571/6336,01571,6336,Black  Mirror Jumbo,,3200x1600,20,,Bellagio Yard,,
01577/6336,01577,6336,Black  Mirror Jumbo,,3200x1600,20,,Bellagio Yard,,
6443/5981,6443,5981,Black Mirror Jumbo,,3200x1600,20,,Bellagio Yard,,
7863/6083,7863,6083,Black Mirror Jumbo,,3200x1600,20,,Bellagio Yard,,
872/5644,872,5644,Black Mirror Jumbo,,3200x1600,30,,Bellagio Yard,,
971/5618,971,5618,Black Mirror Super Jumbo,,3450x1940,30,,Bellagio Yard,,
974/5618,974,5618,Black Mirror Super Jumbo,,3450x1940,30,,Bellagio Yard,,
28426,28426,,Calacatta Emerald,,3200x1600,20,,Bellagio Yard,,
28426,28426,,Calacatta Emerald,,3200x1600,20,,Bellagio Yard,,
28426,28426,,Calacatta Emerald,,3200x1600,20,,Bellagio Yard,,
260120,260120,,Calacatta Majestic,,3200x1600,20,,Bellagio Yard,,
260120,260120,,Calacatta Majestic,,3200x1600,20,,Bellagio Yard,,
260120,260120,,Calacatta Majestic,,3200x1600,20,,Bellagio Yard,,
260120,260120,,Calacatta Majestic,,3200x1600,20,,Bellagio Yard,,
260120,260120,,Calacatta Majestic,,3200x1600,20,,Bellagio Yard,,
260120,260120,,Calacatta Majestic,,3200x1600,20,,Bellagio Yard,,
08830/2054,08830,2054,Calacatta Nova,,3200x1600,20,,Bellagio Yard,,
01817/2256,01817,2256,Calacatta Nova,,3200x1600,20,,Bellagio Yard,,
01818/2256,01818,2256,Calacatta Nova,,3200x1600,20,,Bellagio Yard,,
01819/2256,01819,2256,Calacatta Nova,,3200x1600,20,,Bellagio Yard,,
01829/2256,01829,2256,Calacatta Nova,,3200x1600,20,,Bellagio Yard,,
01831/A2256,01831,A2256,Calacatta Nova,,3200x1600,20,,Bellagio Yard,,
01870/2256,01870,2256,Calacatta Nova,,3200x1600,20,,Bellagio Yard,,
01871/2256,01871,2256,Calacatta Nova,,3200x1600,20,,Bellagio Yard,,
01872/2256,01872,2256,Calacatta Nova,,3200x1600,20,,Bellagio Yard,,
01876/2256,01876,2256,Calacatta Nova,,3200x1600,20,,Bellagio Yard,,
01877/2256,01877,2256,Calacatta Nova,,3200x1600,20,,Bellagio Yard,,
01878/2256,01878,2256,Calacatta Nova,,3200x1600,20,,Bellagio Yard,,
01879/2256,01879,2256,Calacatta Nova,,3200x1600,20,,Bellagio Yard,,
01882/2256,01882,2256,Calacatta Nova,,3200x1600,20,,Bellagio Yard,,
01883/2256,01883,2256,Calacatta Nova,,3200x1600,20,,Bellagio Yard,,
01884/2256,01884,2256,Calacatta Nova,,3200x1600,20,,Bellagio Yard,,
01885/2256,01885,2256,Calacatta Nova,,3200x1600,20,,Bellagio Yard,,
01886/2256,01886,2256,Calacatta Nova,,3200x1600,20,,Bellagio Yard,,
01887/2256,01887,2256,Calacatta Nova,,3200x1600,20,,Bellagio Yard,,
01889/2256,01889,2256,Calacatta Nova,,3200x1600,20,,Bellagio Yard,,
01928/2256,01928,2256,Calacatta Nova,,3200x1600,20,,Bellagio Yard,,
01930/2256,01930,2256,Calacatta Nova,,3200x1600,20,,Bellagio Yard,,
01933/2256,01933,2256,Calacatta Nova,,3200x1600,20,,Bellagio Yard,,
02282/A2266,02282,A2266,Calacatta Nova Super Jumbo,,3450x1940,20,,Bellagio Yard,,
02283/A2266,02283,A2266,Calacatta Nova Super Jumbo,,3450x1940,20,,Bellagio Yard,,
02284/A2266,02284,A2266,Calacatta Nova Super Jumbo,,3450x1940,20,,Bellagio Yard,,
02285/A2266,02285,A2266,Calacatta Nova Super Jumbo,,3450x1940,20,,Bellagio Yard,,
02286/A2266,02286,A2266,Calacatta Nova Super Jumbo,,3450x1940,20,,Bellagio Yard,,
02287/A2266,02287,A2266,Calacatta Nova Super Jumbo,,3450x1940,20,,Bellagio Yard,,
02290/A2266,02290,A2266,Calacatta Nova Super Jumbo,,3450x1940,20,,Bellagio Yard,,
02293/A2266,02293,A2266,Calacatta Nova Super Jumbo,,3450x1940,20,,Bellagio Yard,,
02296/A2266,02296,A2266,Calacatta Nova Super Jumbo,,3450x1940,20,,Bellagio Yard,,
02297/A2266,02297,A2266,Calacatta Nova Super Jumbo,,3450x1940,20,,Bellagio Yard,,
02298/A2266,02298,A2266,Calacatta Nova Super Jumbo,,3450x1940,20,,Bellagio Yard,,
02298/A2266,02298,A2266,Calacatta Nova Super Jumbo,,3450x1940,20,,Bellagio Yard,,
02332/A2266,02332,A2266,Calacatta Nova Super Jumbo,,3450x1940,20,,Bellagio Yard,,
02333/A2266,02333,A2266,Calacatta Nova Super Jumbo,,3450x1940,20,,Bellagio Yard,,
02334/A2266,02334,A2266,Calacatta Nova Super Jumbo,,3450x1940,20,,Bellagio Yard,,
02337/A2266,02337,A2266,Calacatta Nova Super Jumbo,,3450x1940,20,,Bellagio Yard,,
02339/A2266,02339,A2266,Calacatta Nova Super Jumbo,,3450x1940,20,,Bellagio Yard,,
02341/A2266,02341,A2266,Calacatta Nova Super Jumbo,,3450x1940,20,,Bellagio Yard,,
17502/A1694,17502,A1694,Calacatta Nova,,3200x1600,30,,Bellagio Yard,,
8625/5203,8625,5203,Calacatta Nova,,3200x1600,30,,Bellagio Yard,,
8675/5203,8675,5203,Calacatta Nova,,3200x1600,30,,Bellagio Yard,,
14494/2209,14494,2209,Calacatta Nova Super Jumbo,,3450x1940,30,,Bellagio Yard,,
14495/2209,14495,2209,Calacatta Nova Super Jumbo,,3450x1940,30,,Bellagio Yard,,
14497/2209,14497,2209,Calacatta Nova Super Jumbo,,3450x1940,30,,Bellagio Yard,,
14505/2209,14505,2209,Calacatta Nova Super Jumbo,,3450x1940,30,,Bellagio Yard,,
14508/2209,14508,2209,Calacatta Nova Super Jumbo,,3450x1940,30,,Bellagio Yard,,
14510/2209,14510,2209,Calacatta Nova Super Jumbo,,3450x1940,30,,Bellagio Yard,,
19245/1727,19245,1727,Calacatta Nova Super Jumbo,,3450x1940,30,,Bellagio Yard,,
20231229,20231229,,Calacatta Oro,,3200x1600,20,,Bellagio Yard,,
20240325,20240325,,Calacatta Oro,,3200x1600,30,,Bellagio Yard,,
05929/6371,05929,6371,Calacatta Venato,,3200x1600,20,,Bellagio Yard,,
08599/6445,08599,6445,Calacatta Venato,,3200x1600,20,,Bellagio Yard,,
09022/6462,09022,6462,Calacatta Venato,,3200x1600,20,,Bellagio Yard,,
09029/6462,09029,6462,Calacatta Venato,,3200x1600,20,,Bellagio Yard,,
09054/6462,09054,6462,Calacatta Venato,,3200x1600,20,,Bellagio Yard,,
09055/6462,09055,6462,Calacatta Venato,,3200x1600,20,,Bellagio Yard,,
09066/6462,09066,6462,Calacatta Venato,,3200x1600,20,,Bellagio Yard,,
09067/6462,09067,6462,Calacatta Venato,,3200x1600,20,,Bellagio Yard,,
09068/6462,09068,6462,Calacatta Venato,,3200x1600,20,,Bellagio Yard,,
09072/6462,09072,6462,Calacatta Venato,,3200x1600,20,,Bellagio Yard,,
09074/6462,09074,6462,Calacatta Venato,,3200x1600,20,,Bellagio Yard,,
09078/6462,09078,6462,Calacatta Venato,,3200x1600,20,,Bellagio Yard,,
9058/6462,9058,6462,Calacatta Venato,,3200x1600,20,,Bellagio Yard,,
9064/6462,9064,6462,Calacatta Venato,,3200x1600,20,,Bellagio Yard,,
9065/6462,9065,6462,Calacatta Venato,,3200x1600,20,,Bellagio Yard,,
06355/6388,06355,6388,Calacatta Venato,,3200x1600,30,,Bellagio Yard,,
06359/6388,06359,6388,Calacatta Venato,,3200x1600,30,,Bellagio Yard,,
06363/6388,06363,6388,Calacatta Venato,,3200x1600,30,,Bellagio Yard,,
13960/5994,13960,5994,Calacatta Venato,,3200x1600,30,,Bellagio Yard,,
13978/5994,13978,5994,Calacatta Venato,,3000x1600,30,,Bellagio Yard,,
02480/A1919,02480,A1919,Calacatta Vienna,,3200x1600,20,,Bellagio Yard,,
07481/A2026,07481,A2026,Calacatta Vienna,,3200x1600,20,,Bellagio Yard,,
07482/A2026,07482,A2026,Calacatta Vienna,,3200x1600,20,,Bellagio Yard,,
23432/1831,23432,1831,Calacatta Vienna,,3200x1600,20,,Bellagio Yard,,
05899/A1995,05899,A1995,Calacatta Vienna Super Jumbo,,3450x1940,20,,Bellagio Yard,,
05902/1995,05902,1995,Calacatta Vienna Super Jumbo,,3450x1940,20,,Bellagio Yard,,
05907/1995,05907,1995,Calacatta Vienna Super Jumbo,,3450x1940,20,,Bellagio Yard,,
05912/1995,05912,1995,Calacatta Vienna Super Jumbo,,3450x1940,20,,Bellagio Yard,,
05913/1995,05913,1995,Calacatta Vienna Super Jumbo,,3450x1940,20,,Bellagio Yard,,
05914/1995,05914,1995,Calacatta Vienna Super Jumbo,,3450x1940,20,,Bellagio Yard,,
23496/1835,23496,1835,Calacatta Vienna Super Jumbo,,3450x1940,20,,Bellagio Yard,,
23528/1835,23528,1835,Calacatta Vienna Super Jumbo,,3450x1940,20,,Bellagio Yard,,
23529/1835,23529,1835,Calacatta Vienna Super Jumbo,,3450x1940,20,,Bellagio Yard,,
23530/1835,23530,1835,Calacatta Vienna Super Jumbo,,3450x1940,20,,Bellagio Yard,,
070/1334,070,1334,Calacatta Vienna,,3200x1600,30,,Bellagio Yard,,
14744/A1615,14744,A1615,Calacatta Vienna,,3200x1600,30,,Bellagio Yard,,
14754/A1615,14754,A1615,Calacatta Vienna,,3200x1600,30,,Bellagio Yard,,
14755/A1615,14755,A1615,Calacatta Vienna,,3200x1600,30,,Bellagio Yard,,
14762/A1615,14762,A1615,Calacatta Vienna,,3200x1600,30,,Bellagio Yard,,
19300/1205,19300,1205,Calacatta Vienna,,3200x1600,30,,Bellagio Yard,,
19315/1205,19315,1205,Calacatta Vienna,,3200x1600,30,,Bellagio Yard,,
3791/1416,3791,1416,Calacatta Vienna Super Jumbo,,3450x1940,30,,Bellagio Yard,,
01776/6365,01776,6365,Carina Jumbo,,3200x1600,20,,Bellagio Yard,,
01777/6365,01777,6365,Carina Jumbo,,3200x1600,20,,Bellagio Yard,,
02048/6511,02048,6511,Carina Jumbo,,3200x1600,20,,Bellagio Yard,,
02049/6511,02049,6511,Carina Jumbo,,3200x1600,20,,Bellagio Yard,,
02051/6511,02051,6511,Carina Jumbo,,3200x1600,20,,Bellagio Yard,,
02053/6511,02053,6511,Carina Jumbo,,3200x1600,20,,Bellagio Yard,,
15296/6043,15296,6043,Carina Jumbo,,3200x1600,30,,Bellagio Yard,,
15353/6043,15353,6043,Carina Jumbo,,3200x1600,30,,Bellagio Yard,,
2955/5736,2955,5736,Carina Jumbo,,3150x1600,30,,Bellagio Yard,,
00752/6482,00752,6482,Cashmere Super Jumbo,,3450x1940,20,,Bellagio Yard,,
00755/6482,00755,6482,Cashmere Super Jumbo,,3450x1940,20,,Bellagio Yard,,
00758/6482,00758,6482,Cashmere Super Jumbo,,3450x1940,20,,Bellagio Yard,,
00760/6482,00760,6482,Cashmere Super Jumbo,,3450x1940,20,,Bellagio Yard,,
00976/6485,00976,6485,Cashmere Super Jumbo,,3450x1940,20,,Bellagio Yard,,
00977/6485,00977,6485,Cashmere Super Jumbo,,3450x1940,20,,Bellagio Yard,,
00978/6485,00978,6485,Cashmere Super Jumbo,,3450x1940,20,,Bellagio Yard,,
00981/6485,00981,6485,Cashmere Super Jumbo,,3450x1940,20,,Bellagio Yard,,
00982/6485,00982,6485,Cashmere Super Jumbo,,3450x1940,20,,Bellagio Yard,,
00984/6485,00984,6485,Cashmere Super Jumbo,,3450x1940,20,,Bellagio Yard,,
00985/6485,00985,6485,Cashmere Super Jumbo,,3450x1940,20,,Bellagio Yard,,
00986/6485,00986,6485,Cashmere Super Jumbo,,3450x1940,20,,Bellagio Yard,,
00988/6485,00988,6485,Cashmere Super Jumbo,,3450x1940,20,,Bellagio Yard,,
00989/6485,00989,6485,Cashmere Super Jumbo,,3450x1940,20,,Bellagio Yard,,
03067/6538,03067,6538,Cashmere Super Jumbo,,3450x1940,20,,Bellagio Yard,,
03069/6538,03069,6538,Cashmere Super Jumbo,,3450x1940,20,,Bellagio Yard,,
03070/6538,03070,6538,Cashmere Super Jumbo,,3450x1940,20,,Bellagio Yard,,
03081/6538,03081,6538,Cashmere Super Jumbo,,3450x1940,20,,Bellagio Yard,,
03083/6538,03083,6538,Cashmere Super Jumbo,,3450x1940,20,,Bellagio Yard,,
03084/6538,03084,6538,Cashmere Super Jumbo,,3450x1940,20,,Bellagio Yard,,
04864/6346,04864,6346,Cashmere Super Jumbo,,3450x1940,30,,Bellagio Yard,,
04865/6346,04865,6346,Cashmere Super Jumbo,,3450x1940,30,,Bellagio Yard,,
04866/6346,04866,6346,Cashmere Super Jumbo,,3450x1940,30,,Bellagio Yard,,
04867/6346,04867,6346,Cashmere Super Jumbo,,3450x1940,30,,Bellagio Yard,,
15985/6061,15985,6061,Cashmere Super Jumbo,,3450x1940,30,,Bellagio Yard,,
15991/6061,15991,6061,Cashmere Super Jumbo,,3450x1940,30,,Bellagio Yard,,
15998/6061,15998,6061,Cashmere Super Jumbo,,3450x1940,30,,Bellagio Yard,,
16013/6061,16013,6061,Cashmere Super Jumbo,,3450x1940,30,,Bellagio Yard,,
10983/A2113,10983,A2113,Celestial Jumbo,,3200x1600,20,,Bellagio Yard,,
11019/A2113,11019,A2113,Celestial Jumbo,,3200x1600,20,,Bellagio Yard,,
00678/6232,00678,6232,Grey Starlight Jumbo,,3200x1600,20,,Bellagio Yard,,
00696/6232,00696,6232,Grey Starlight Jumbo,,3200x1600,20,,Bellagio Yard,,
01007/6267,01007,6267,Grey Starlight Jumbo,,3200x1600,20,,Bellagio Yard,,
01030/6267,01030,6267,Grey Starlight Jumbo,,3200x1600,30,,Bellagio Yard,,
01032/6267,01032,6267,Grey Starlight Jumbo,,3200x1600,30,,Bellagio Yard,,
01033/6267,01033,6267,Grey Starlight Jumbo,,3200x1600,30,,Bellagio Yard,,
01041/6267,01041,6267,Grey Starlight Jumbo,,3200x1600,30,,Bellagio Yard,,
01042/6267,01042,6267,Grey Starlight Jumbo,,3200x1600,30,,Bellagio Yard,,
01043/6267,01043,6267,Grey Starlight Jumbo,,3200x1600,30,,Bellagio Yard,,
01060/6267,01060,6267,Grey Starlight Jumbo,,3200x1600,30,,Bellagio Yard,,
13661/9014,13661,9014,Grey Starlight Jumbo,,3200x1600,30,,Bellagio Yard,,
13201/A2175,13201,A2175,Harmony Gold,,3200x1600,20,,Bellagio Yard,,
13207/A2175,13207,A2175,Harmony Gold,,3200x1600,20,,Bellagio Yard,,
26891/B1141,26891,B1141,Harmony Gold,,3200x1600,20,,Bellagio Yard,,
26893/1141,26893,1141,Harmony Gold,,3200x1600,20,,Bellagio Yard,,
26894/1141,26894,1141,Harmony Gold,,3200x1600,20,,Bellagio Yard,,
26898/B1141,26898,B1141,Harmony Gold,,3200x1600,20,,Bellagio Yard,,
26899/B1141,26899,B1141,Harmony Gold,,3200x1600,20,,Bellagio Yard,,
26902/B1141,26902,B1141,Harmony Gold,,3200x1600,20,,Bellagio Yard,,
26905/B1141,26905,B1141,Harmony Gold,,3200x1600,20,,Bellagio Yard,,
26910/B1141,26910,B1141,Harmony Gold,,3200x1600,20,,Bellagio Yard,,
26913/B1141,26913,B1141,Harmony Gold,,3200x1600,20,,Bellagio Yard,,
26914/B1141,26914,B1141,Harmony Gold,,3200x1600,20,,Bellagio Yard,,
26915/B1141,26915,B1141,Harmony Gold,,3200x1600,20,,Bellagio Yard,,
26919/B1141,26919,B1141,Harmony Gold,,3200x1600,20,,Bellagio Yard,,
26924/B1141,26924,B1141,Harmony Gold,,3200x1600,20,,Bellagio Yard,,
26925/B1141,26925,B1141,Harmony Gold,,3200x1600,20,,Bellagio Yard,,
26927/B1141,26927,B1141,Harmony Gold,,3200x1600,20,,Bellagio Yard,,
26931/B1141,26931,B1141,Harmony Gold,,3200x1600,20,,Bellagio Yard,,
026738/2217,026738,2217,Harmony Gold,,3200x1600,30,,Bellagio Yard,,
026744/2217,026744,2217,Harmony Gold,,3200x1600,30,,Bellagio Yard,,
026748/2217,026748,2217,Harmony Gold,,3200x1600,30,,Bellagio Yard,,
026750/2217,026750,2217,Harmony Gold,,3200x1600,30,,Bellagio Yard,,
26722/B1141,26722,B1141,Harmony Gold,,3200x1600,30,,Bellagio Yard,,
26723/B1141,26723,B1141,Harmony Gold,,3200x1600,30,,Bellagio Yard,,
26746/B1141,26746,B1141,Harmony Gold,,3200x1600,30,,Bellagio Yard,,
17502/6151,17502,6151,Ice White,,3200x1600,30,,Bellagio Yard,,
17521/6151,17521,6151,Ice White,,3200x1600,30,,Bellagio Yard,,
17536/6151,17536,6151,Ice White,,3200x1600,30,,Bellagio Yard,,
17545/6151,17545,6151,Ice White,,3200x1600,30,,Bellagio Yard,,
17548/6151,17548,6151,Ice White,,3200x1600,30,,Bellagio Yard,,
02602/6527,02602,6527,Ice White Super Jumbo,,3450x1940,20,,Bellagio Yard,,
02603/6527,02603,6527,Ice White Super Jumbo,,3450x1940,20,,Bellagio Yard,,
02604/6527,02604,6527,Ice White Super Jumbo,,3450x1940,20,,Bellagio Yard,,
02606/6527,02606,6527,Ice White Super Jumbo,,3450x1940,20,,Bellagio Yard,,
02607/6527,02607,6527,Ice White Super Jumbo,,3450x1940,20,,Bellagio Yard,,
02608/6527,02608,6527,Ice White Super Jumbo,,3450x1940,20,,Bellagio Yard,,
02609/6527,02609,6527,Ice White Super Jumbo,,3450x1940,20,,Bellagio Yard,,
02610/6527,02610,6527,Ice White Super Jumbo,,3450x1940,20,,Bellagio Yard,,
02611/6527,02611,6527,Ice White Super Jumbo,,3450x1940,20,,Bellagio Yard,,
02612/6527,02612,6527,Ice White Super Jumbo,,3450x1940,20,,Bellagio Yard,,
02621/6527,02621,6527,Ice White Super Jumbo,,3450x1940,30,,Bellagio Yard,,
02624/6527,02624,6527,Ice White Super Jumbo,,3450x1940,30,,Bellagio Yard,,
02625/6527,02625,6527,Ice White Super Jumbo,,3450x1940,30,,Bellagio Yard,,
02628/6527,02628,6527,Ice White Super Jumbo,,3450x1940,30,,Bellagio Yard,,
10069/5879,10069,5879,Ice White Super Jumbo,,3450x1940,30,,Bellagio Yard,,
7324,7324,,Imperial,,3200x1600,20,,Bellagio Yard,,
00041/6181,00041,6181,Midnight Jumbo,,3200x1600,20,,Bellagio Yard,,
00043/6181,00043,6181,Midnight Jumbo,,3200x1600,20,,Bellagio Yard,,
20220910,20220910,,Moon Rock,,3200x1600,20,,Bellagio Yard,,
20260427,20260427,,Moon Rock,,3200x1600,20,,Bellagio Yard,,
20260427,20260427,,Moon Rock,,3200x1600,20,,Bellagio Yard,,
20260427,20260427,,Moon Rock,,3200x1600,20,,Bellagio Yard,,
20260427,20260427,,Moon Rock,,3200x1600,20,,Bellagio Yard,,
8831/B898,8831,B898,Pandora Gold,,3200x1600,20,,Bellagio Yard,,
8832/B898,8832,B898,Pandora Gold,,3200x1600,20,,Bellagio Yard,,
05781/6372,05781,6372,Pure White Jumbo,,3200x1600,20,,Bellagio Yard,,
05800/6372,05800,6372,Pure White Jumbo,,3200x1600,20,,Bellagio Yard,,
05620/B692,05620,B692,White Galaxy Jumbo,,3200x1600,20,,Bellagio Yard,,
05624/B692,05624,B692,White Galaxy Jumbo,,3200x1600,20,,Bellagio Yard,,
05578/B692,05578,B692,White Galaxy Jumbo,,3200x1600,20,,Bellagio Yard,,
05582/B692,05582,B692,White Galaxy Jumbo,,3200x1600,20,,Bellagio Yard,,
05591/B692,05591,B692,White Galaxy Jumbo,,3200x1600,20,,Bellagio Yard,,
05596/B692,05596,B692,White Galaxy Jumbo,,3200x1600,20,,Bellagio Yard,,
05604/B692,05604,B692,White Galaxy Jumbo,,3200x1600,20,,Bellagio Yard,,
05614/B692,05614,B692,White Galaxy Jumbo,,3200x1600,20,,Bellagio Yard,,
05615/B692,05615,B692,White Galaxy Jumbo,,3200x1600,20,,Bellagio Yard,,
5592/B692,5592,B692,White Galaxy Jumbo,,3200x1600,20,,Bellagio Yard,,
8956/6115,8956,6115,White Galaxy Jumbo,,3200x1600,20,,Bellagio Yard,,
8960/6115,8960,6115,White Galaxy Jumbo,,3200x1600,20,,Bellagio Yard,,
8967/6115,8967,6115,White Galaxy Jumbo,,3200x1600,20,,Bellagio Yard,,
8972/6115,8972,6115,White Galaxy Jumbo,,3200x1600,20,,Bellagio Yard,,
8973/6115,8973,6115,White Galaxy Jumbo,,3200x1600,20,,Bellagio Yard,,
8977/6115,8977,6115,White Galaxy Jumbo,,3200x1600,20,,Bellagio Yard,,
3526/5750,3526,5750,White Galaxy Jumbo,,3200x1600,30,,Bellagio Yard,,
04166/6325,04166,6325,White Galaxy Super Jumbo,,3450x1940,30,,Bellagio Yard,,
04174/6325,04174,6325,White Galaxy Super Jumbo,,3450x1940,30,,Bellagio Yard,,
